{
    "account": [
        {
            "username": "admin02",
            "password": "a123",
            "payID": "4566544560",
            "book": [
                {
                    "hotelName": "CC",
                    "roomID": 1,
                    "roomType": "VIP",
                    "roomDes": "Nothing special",
                    "roomPrice": 1000000,
                    "roomImage": "OW1.png",
                    "arrivalDate": "01/06/2022",
                    "leavingDate": "03/06/2022",
                    "note": "debug",
                    "finish": "11/07/2022 08:30:21"
                }
            ]
        },
        {
            "username": "admin03",
            "password": "a123",
            "payID": "7899877890",
            "book": [
                {
                    "hotelName": "New World",
                    "roomID": 4,
                    "roomType": "normal",
                    "roomDes": "Nothing special",
                    "roomPrice": 500000,
                    "roomImage": "GUI\\hotelimg\\NW4.jpeg",
                    "arrivalDate": "01/01/2023",
                    "leavingDate": "05/05/2023",
                    "note": "",
                    "finish": "13/07/2022 18:23:59"
                },
                {
                    "hotelName": "New World",
                    "roomID": 1,
                    "roomType": "VIP",
                    "roomDes": "Have love chair <3",
                    "roomPrice": 1000000,
                    "roomImage": "GUI\\hotelimg\\NW1.jpeg",
                    "arrivalDate": "30/10/2022",
                    "leavingDate": "04/12/2022",
                    "note": "socket",
                    "finish": "13/07/2022 18:23:59"
                }
            ]
        },
        {
            "username": "admin01",
            "password": "a123",
            "payID": "1234567890",
            "book": [
                {
                    "hotelName": "New World",
                    "roomID": 1,
                    "roomType": "VIP",
                    "roomDes": "Have love chair <3",
                    "roomPrice": 1000000,
                    "roomImage": "GUI\\hotelimg\\NW1.jpeg",
                    "arrivalDate": "25/06/2022",
                    "leavingDate": "30/06/2022",
                    "note": "debug",
                    "finish": "12/07/2022 23:02:29"
                },
                {
                    "hotelName": "New World",
                    "roomID": 2,
                    "roomType": "VIP",
                    "roomDes": "Have love chair <3",
                    "roomPrice": 1000000,
                    "roomImage": "GUI\\hotelimg\\NW2.jpeg",
                    "arrivalDate": "28/06/2022",
                    "leavingDate": "05/07/2022",
                    "note": "asd",
                    "finish": "12/07/2022 23:02:29"
                }
            ]
        }
    ]
}