{
    "hotel": [
        {
            "name": "New World",
            "room": [
                {
                    "ID": 1,
                    "type": "VIP",
                    "description": "Have love chair <3",
                    "price": 1000000,
                    "image": "GUI\\hotelimg\\NW1.jpeg"
                },
                {
                    "ID": 2,
                    "type": "VIP",
                    "description": "Have love chair <3",
                    "price": 1000000,
                    "image": "GUI\\hotelimg\\NW2.jpeg"
                },
                {
                    "ID": 3,
                    "type": "VIP",
                    "description": "Sea View",
                    "price": 1500000,
                    "image": "GUI\\hotelimg\\NW3.jpeg"
                },
                {
                    "ID": 4,
                    "type": "normal",
                    "description": "Nothing special",
                    "price": 500000,
                    "image": "GUI\\hotelimg\\NW4.jpeg"
                },
                {
                    "ID": 5,
                    "type": "normal",
                    "description": "Nothing special",
                    "price": 500000,
                    "image": "GUI\\hotelimg\\NW5.jpeg"
                },
                {
                    "ID": 6,
                    "type": "normal",
                    "description": "Just nothing here",
                    "price": 500000,
                    "image": "GUI\\hotelimg\\NW6.jpeg"
                }
            ]
        },
        {
            "name": "Old World",
            "room": [
                {
                    "ID": 1,
                    "type": "VIP",
                    "description": "Nothing special",
                    "price": 1000000,
                    "image": "GUI\\hotelimg\\OW1.jpg"
                },
                {
                    "ID": 2,
                    "type": "normal",
                    "description": "Nothing special",
                    "price": 500000,
                    "image": "GUI\\hotelimg\\OW2.jpg"
                },
                {
                    "ID": 3,
                    "type": "normal",
                    "description": "Nothing special",
                    "price": 500000,
                    "image": "GUI\\hotelimg\\OW3.jpg"
                }
            ]
        }
    ]
}