{
    "hotel": [
        {
            "name": "New World",
            "room": [
                {
                    "ID": 1,
                    "type": "VIP",
                    "description": "Have love chair <3",
                    "price": 1000000,
                    "image": "GUI\\hotelimg\\NW1.jpeg",
                    "book": [
                        {
                            "arrivalDate": "25/06/2022",
                            "leavingDate": "30/06/2022"
                        },
                        {
                            "arrivalDate": "30/10/2022",
                            "leavingDate": "04/12/2022"
                        }
                    ]
                },
                {
                    "ID": 2,
                    "type": "VIP",
                    "description": "Have love chair <3",
                    "price": 1000000,
                    "image": "GUI\\hotelimg\\NW2.jpeg",
                    "book": [
                        {
                            "arrivalDate": "28/06/2022",
                            "leavingDate": "05/07/2022"
                        }
                    ]
                },
                {
                    "ID": 3,
                    "type": "VIP",
                    "description": "Sea View",
                    "price": 1500000,
                    "image": "GUI\\hotelimg\\NW3.jpeg",
                    "book": []
                },
                {
                    "ID": 4,
                    "type": "normal",
                    "description": "Nothing special",
                    "price": 500000,
                    "image": "GUI\\hotelimg\\NW4.jpeg",
                    "book": [
                        {
                            "arrivalDate": "01/01/2023",
                            "leavingDate": "05/05/2023"
                        }
                    ]
                },
                {
                    "ID": 5,
                    "type": "normal",
                    "description": "Nothing special",
                    "price": 500000,
                    "image": "GUI\\hotelimg\\NW5.jpeg",
                    "book": []
                },
                {
                    "ID": 6,
                    "type": "normal",
                    "description": "Just nothing here",
                    "price": 500000,
                    "image": "GUI\\hotelimg\\NW6.jpeg",
                    "book": []
                }
            ]
        },
        {
            "name": "Old World",
            "room": [
                {
                    "ID": 1,
                    "type": "VIP",
                    "description": "Nothing special",
                    "price": 1000000,
                    "image": "GUI\\hotelimg\\OW1.jpg",
                    "book": [
                        {
                            "arrivalDate": "01/06/2022",
                            "leavingDate": "03/06/2022"
                        }
                    ]
                },
                {
                    "ID": 2,
                    "type": "normal",
                    "description": "Nothing special",
                    "price": 500000,
                    "image": "GUI\\hotelimg\\OW2.jpg",
                    "book": []
                },
                {
                    "ID": 3,
                    "type": "normal",
                    "description": "Nothing special",
                    "price": 500000,
                    "image": "GUI\\hotelimg\\OW3.jpg",
                    "book": []
                }
            ]
        }
    ]
}